Step Number,Energy per particle,Pressure
0, -5.19111582382232, 7.845705229513653
